{   
    "menuSection": "Сенсоры",

    "configItem": [{
        "name": "Cенсор температуры Sht30",
        "type": "Reading",
        "subtype": "Sht30t",
        "id": "tmp30",
        "widget": "anydataTmp",
        "page": "Сенсоры",
        "descr": "SHT30 Температура",
        "int": 15,
        "round": 1
    },
    {
        "name": "Cенсор влажности Sht30",
        "type": "Reading",
        "subtype": "Sht30h",
        "id": "Hum30",
        "widget": "anydataHum",
        "page": "Сенсоры",
        "descr": "SHT30 Влажность",
        "int": 15,
        "round": 1
    }],
    
    "about": {
        "authorName": "Serghei Crasnicov",
        "authorContact": "https://t.me/Serghei63",
        "authorGit": "https://github.com/Serghei63",
        "specialThanks": "",
        "moduleName": "Sht30",
        "moduleVersion": "1.0",
        "moduleDesc": "Позволяет получить температуру и влажность с датчика Sht30.",
        "propInfo": {
            "int": "Количество секунд между опросами датчика."
        }
    },

    "defActive": true,

    "devices": {
        "esp32_4mb": [
            "WEMOS SHT3x@1.0.0"
        ],
        "esp8266_4mb": [
            "WEMOS SHT3x@1.0.0"
        ]
    }
}