{   
    "menuSection": "Сенсоры",

    "configItem": [{
        "name": "Cенсор температуры Bmp280",
        "type": "Reading",
        "subtype": "Bmp280t",
        "id": "tmp3",
        "widget": "anydataTmp",
        "page": "Сенсоры",
        "descr": "280 Температура",
        "int": 15,
        "addr": "0x77",
        "round": 1
    },
    {
        "name": "Cенсор давления Bmp280",
        "type": "Reading",
        "subtype": "Bmp280p",
        "id": "Press3",
        "widget": "anydataMm",
        "page": "Сенсоры",
        "descr": "280 Давление",
        "int": 15,
        "addr": "0x77",
        "round": 1
    }],
    
    "about": {
        "authorName": "Ilya Belyakov",
        "authorContact": "https://t.me/Biveraxe",
        "authorGit": "https://github.com/biveraxe",
        "specialThanks": "Serghei Crasnicov @Serghei63",
        "moduleName": "Bmp280",
        "moduleVersion": "1.0",
        "moduleDesc": "Позволяет получить значения температуры и давления с Bmp280.",
        "propInfo": {
            "addr": "Адрес датчика на шине, обычно 0x77.",
            "int": "Количество секунд между опросами датчика."
        }
    },

    "defActive": true,

    "devices": {
        "esp32_4mb": [
            "adafruit/Adafruit BMP280 Library"
        ],
        "esp8266_4mb": [
            "adafruit/Adafruit BMP280 Library"
        ]
    }
}