{   
    "menuSection": "Сенсоры",

    "configItem": [{
        "name": "Датчик пыли SDS011 PM25",
        "type": "Reading",
        "subtype": "Sds011_25",
        "id": "pmuart25",
        "widget": "anydataPpm",
        "page": "Сенсоры",
        "descr": "PM-2.5",
        "plus": 0,
        "multiply": 1,
        "round": 10,
        "rxPin": 13,
        "txPin": 12,
        "int": 15,
        "warmUp": 30,
        "period": 300
    },
    {
        "name": "Датчик пыли SDS011 PM10",
        "type": "Reading",
        "subtype": "Sds011_10",
        "id": "pmuart10",
        "widget": "anydataPpm",
        "page": "Сенсоры",
        "descr": "PM-10",
        "plus": 0,
        "multiply": 1,
        "round": 10,
        "rxPin": 13,
        "txPin": 12,
        "int": 15,
        "warmUp": 30,
        "period": 300
    }],
    
    "about": {
        "authorName": "Alex K",
        "authorContact": "https://t.me/cmche",
        "authorGit": "",
        "specialThanks": "",
        "moduleName": "Sds011",
        "moduleVersion": "1.0",
        "moduleDesc": "Позволяет получить значения концентрации пыли в воздухе с Sds011.",
        "propInfo": {
            "int": "Количество секунд между опросами датчика.",
            "rxPin": "",
            "txPin": "",
            "warmUp": "",
            "period": ""
        }
    },

    "defActive": false,

    "devices": {
        "esp32_4mb": [
            "Nova Fitness Sds dust sensors library@1.5.1"
        ],
        "esp8266_4mb": [
            "Nova Fitness Sds dust sensors library@1.5.1"
        ]
    }
}