{   
    "menuSection": "Сенсоры",

    "configItem": [{
        "name": "Cенсор температуры Sht20",
        "type": "Reading",
        "subtype": "Sht20t",
        "id": "tmp2",
        "widget": "anydataTmp",
        "page": "Сенсоры",
        "descr": "Температура",
        "int": 15,
        "round": 1
    },
    {
        "name": "Cенсор влажности Sht20",
        "type": "Reading",
        "subtype": "Sht20h",
        "id": "Hum2",
        "widget": "anydataHum",
        "page": "Сенсоры",
        "descr": "Влажность",
        "int": 15,
        "round": 1
    }],
    
    "about": {
        "authorName": "Ilya Belyakov",
        "authorContact": "https://t.me/Biveraxe",
        "authorGit": "https://github.com/biveraxe",
        "specialThanks": "",
        "moduleName": "Sht20",
        "moduleVersion": "1.0",
        "moduleDesc": "Позволяет получить значения температуры и влажности с Sht20.",
        "propInfo": {
            "int": "Количество секунд между опросами датчика."
        }
    },

    "defActive": true,

    "devices": {
        "esp32_4mb": [
            "robtillaart/SHT2x@^0.1.1"
        ],
        "esp8266_4mb": [
            "robtillaart/SHT2x@^0.1.1"
        ]
    }
}