{   
    "menuSection": "Сенсоры",

    "configItem": [{
        "name": "Датчик напряжения ADS1115",
        "type": "Reading",
        "subtype": "Ads1115",
        "id": "Ads3",
        "widget": "anydataVlt",
        "page": "Сенсоры",
        "descr": "ADS_3",
        
        "pin": "0",
        "mode": "volt",
        "gain": "3/4x",

        "plus": 0,
        "multiply": 1,
        "round": 2,
        "int": 10
    }],
    
    "about": {
        "authorName": "Serghei Crasnicov",
        "authorContact": "https://t.me/Serghei63",
        "authorGit": "https://github.com/Serghei63",
        "specialThanks": "",
        "moduleName": "Ads1115",
        "moduleVersion": "1.0",
        "moduleDesc": "Позволяет получить относительную величину напряжения на понижающем трансформаторе.",
        "propInfo": {
            "pin": "GPIO номер, к которому подключен датчик.",
            "mode": "",
            "gain": "",
            "int": "Количество секунд между опросами датчика."
        }
    },

    "defActive": false,

    "devices": {
        "esp32_4mb": [
            "adafruit/Adafruit ADS1X15 @ ^2.3.0"
        ],
        "esp8266_4mb": [
            "adafruit/Adafruit ADS1X15 @ ^2.3.0"
        ]
    }
}