{   
    "menuSection": "Исполнительные устройства",

    "configItem": [{
        "name": "PWM ESP32",
        "type": "Writing",
        "subtype": "Pwm32",
        "id": "pwm",
        "widget": "range",
        "page": "Кнопки",
        "descr": "PWM",
        "int": 0,
        "pin": 2,
        "freq": 5000,
        "ledChannel": 2,
        "PWM_resolution": 10,
        "val": 0,
        "apin": -1
      }],
    
    "about": {
        "authorName": "Avaks",
        "authorContact": "https://t.me/Avaks",
        "authorGit": "https://github.com/avaksru",
        "specialThanks": "Serghei Crasnicov @Serghei63",
        "moduleName": "Pwm32",
        "moduleVersion": "1.0",
        "moduleDesc": "Позволяет управлять Широтно-Импульсной Модуляцией на конкретном пине платы.",
        "propInfo": {
            "int": "Количество миллисекунд между опросами аналога. 0 - выключено.",
            "pin": "Управляемый пин",
            "apin": "Номер GPIO аналогового пина. Если -1, то функция отключена.",
            "ledChannel": "Канал ШИМ",
            "PWM_resolution": "Разрешение, определяет диапазон значений от 1 до 16 => от 1 до 65536",
            "freq": "Частота"
        }
    },

    "defActive": true,

    "devices": {
        "esp32_4mb": []
    }
}